{
  "rounds": [
    1,
    2,
    3,
    4,
    5,
    6,
    7,
    8,
    9,
    10,
    11,
    12,
    13,
    14,
    15,
    16,
    17,
    18,
    19,
    20,
    21,
    22,
    23,
    24,
    25,
    26,
    27,
    28,
    29,
    30
  ],
  "train_losses": [
    1.3209463287534824,
    0.4008170166037939,
    0.23712695229457212,
    0.16272905150074612,
    0.14214859963358514,
    0.11939946541060391,
    0.09998546540356897,
    0.09163958188598896,
    0.07804601186319683,
    0.07150361490617838,
    0.06565762763340148,
    0.05784631978549411,
    0.053953200323709136,
    0.05236330312295752,
    0.046126882054416195,
    0.047069346994592455,
    0.04334135126025323,
    0.03884765833995232,
    0.035472494185129065,
    0.03258943220891073,
    0.0344448157520776,
    0.027197640366009974,
    0.03140095798983973,
    0.027860222296923254,
    0.02326989128982032,
    0.023202033197661943,
    0.02400091370756395,
    0.024728179098504034,
    0.023232773964039537,
    0.022563006848223682
  ],
  "test_accuracies": [
    0.4365430418509697,
    0.7250765566519224,
    0.8176250425314733,
    0.8679823069071113,
    0.8897584212317114,
    0.899285471248724,
    0.9043892480435523,
    0.9088125212657366,
    0.9282068730860837,
    0.9275263695134399,
    0.9343314052398775,
    0.9333106498809118,
    0.9285471248724055,
    0.9407961891799932,
    0.9424974481116026,
    0.93841442667574,
    0.9414766927526369,
    0.9411364409663151,
    0.9458999659748214,
    0.9493024838380402,
    0.9510037427696495,
    0.9506634909833277,
    0.9458999659748214,
    0.9520244981286152,
    0.9544062606328684,
    0.9561075195644777,
    0.9489622320517183,
    0.9564477713507996,
    0.946920721333787,
    0.9448792106158558
  ],
  "test_losses": [
    2.8019423393945218,
    1.0609351073288114,
    0.613843001691449,
    0.423881796417126,
    0.3520868465218182,
    0.323966870891192,
    0.29565384789322785,
    0.2849018103656983,
    0.2225690396029189,
    0.21615970727942274,
    0.21032821263594464,
    0.20384009030855768,
    0.2281671779451422,
    0.1951233718535372,
    0.19057325641591358,
    0.19376289855413756,
    0.18481378341439064,
    0.19255320232471831,
    0.17705496161283787,
    0.16812747444129794,
    0.16112549769032686,
    0.17100885603228325,
    0.18341788795452493,
    0.1633367173379403,
    0.15697006116025136,
    0.15825694891541445,
    0.1846345556128609,
    0.15687567477284664,
    0.18205785234124433,
    0.17961557372370193
  ],
  "hierarchical_errors": [],
  "inc_accuracies": [
    0.42939775433821026,
    0.703640694113644,
    0.8016332085743451,
    0.8509697175910174,
    0.8758080979925145,
    0.8819326301463083,
    0.8917999319496427,
    0.8921401837359646,
    0.9186798230690711,
    0.9152773052058524,
    0.9200408302143587,
    0.9254848587955087,
    0.9152773052058524,
    0.9254848587955087,
    0.9285471248724055,
    0.9251446070091868,
    0.9305886355903369,
    0.9309288873766587,
    0.9336509016672337,
    0.938754678462062,
    0.9353521605988432,
    0.9380741748894181,
    0.9343314052398775,
    0.9401156856073495,
    0.9424974481116026,
    0.9435182034705683,
    0.9336509016672337,
    0.9411364409663151,
    0.9336509016672337,
    0.9397754338210276
  ],
  "near_auroc": [
    0.4411401442344379,
    0.6963344827679079,
    0.757834768705095,
    0.7569890769301209,
    0.769734715826915,
    0.73004982130048,
    0.7764652373099101,
    0.8117099133569924,
    0.8113135514475964,
    0.81641104390864,
    0.8474453285404814,
    0.8462039481775881,
    0.8576259492710621,
    0.8702527469271851,
    0.8681973208987316,
    0.8525024217129119,
    0.8739771124563576,
    0.8698047637045608,
    0.8729597237047764,
    0.8811015270033333,
    0.8850266545528652,
    0.8866483493299555,
    0.8745116174887624,
    0.8831073516829895,
    0.8871168688576249,
    0.8886595605814266,
    0.8658429401345386,
    0.8866096333450341,
    0.8877701029104546,
    0.8761124393000688
  ],
  "far_auroc": [
    0.414319791408134,
    0.7340426237534265,
    0.8099720644313138,
    0.8379620142674001,
    0.8267821129330261,
    0.8174079474674097,
    0.823160012697459,
    0.8560900964194569,
    0.8610528458312984,
    0.8646525203355433,
    0.8724925859733113,
    0.8718811376704358,
    0.8652936365324173,
    0.8703392362852768,
    0.8780912671924697,
    0.8685333006327213,
    0.8726657385910116,
    0.8749306775194021,
    0.8864865120264153,
    0.8879796761540597,
    0.8743078415400422,
    0.8765991319513848,
    0.8785087653842765,
    0.8915551768187502,
    0.8986826935626804,
    0.8867056149176484,
    0.89079660772705,
    0.8834789567425924,
    0.8962021479595211,
    0.8745547543359528
  ],
  "best_acc": 0.9564477713507996
}