{
  "rounds": [
    1,
    2,
    3,
    4,
    5,
    6,
    7,
    8,
    9,
    10,
    11,
    12,
    13,
    14,
    15,
    16,
    17,
    18,
    19,
    20,
    21,
    22,
    23,
    24,
    25,
    26,
    27,
    28,
    29,
    30
  ],
  "train_losses": [
    0.6238393569904699,
    0.23934995222452948,
    0.13199918655126072,
    0.09550338182032891,
    0.07040398543330507,
    0.05968887755891853,
    0.053325042916283504,
    0.04466711425080259,
    0.03879560304909354,
    0.03269033139436019,
    0.032119202504958255,
    1.8288500835127028,
    0.546910853540458,
    0.3334487785652885,
    0.25876079438258504,
    0.21377932556645146,
    0.18543375328131523,
    0.16364016113652866,
    0.1456431056390328,
    0.13106747475039876,
    0.12613560813156138,
    0.12105664983904685,
    0.11018533248514142,
    0.10208665610957765,
    0.0974748546929555,
    0.08980142522391374,
    0.08475212256597847,
    0.08682069105598818,
    0.07842257771259124,
    0.0724215242798641
  ],
  "test_accuracies": [
    0.5685607349438585,
    0.7519564477713508,
    0.8305546104117046,
    0.8904389248043553,
    0.9105137801973461,
    0.9244641034365431,
    0.9305886355903369,
    0.9404559373936713,
    0.938754678462062,
    0.946920721333787,
    0.9428376998979244,
    0.5957808778496088,
    0.73732562095951,
    0.7917659067710106,
    0.8319156175569922,
    0.8193263014630827,
    0.8067369853691732,
    0.8431439265056142,
    0.8397414086423953,
    0.8761483497788364,
    0.8628785301122831,
    0.8404219122150391,
    0.8513099693773393,
    0.7958489282068731,
    0.8713848247703301,
    0.8387206532834297,
    0.8431439265056142,
    0.86594079618918,
    0.8417829193603267,
    0.8710445729840082
  ],
  "test_losses": [
    2.0679250009289483,
    0.9477291440996194,
    0.5629799443063545,
    0.3755999266310345,
    0.3061316048928612,
    0.261947923004323,
    0.23386102839264994,
    0.21112656145121783,
    0.20634273670083936,
    0.1905623671857627,
    0.19713949833183153,
    1.6855965831240005,
    1.1284228957968936,
    0.7910379458950182,
    0.6492938036495182,
    0.793103672160953,
    0.8276125754414468,
    0.6568563255009582,
    0.7401178345951186,
    0.5299371922247342,
    0.5952383621122692,
    0.6730768530901778,
    0.63088748855792,
    0.8755946649341771,
    0.5424651345982767,
    0.687305180849612,
    0.672913552425718,
    0.4991367641619656,
    0.7054305871598125,
    0.5040638044238213
  ],
  "hierarchical_errors": [],
  "inc_accuracies": [
    0.5549506634909833,
    0.7118067369853692,
    0.7938074174889418,
    0.8530112283089486,
    0.8747873426335488,
    0.8829533855052739,
    0.8986049676760803,
    0.9054100034025179,
    0.9159578087784961,
    0.9190200748553929,
    0.9288873766587274,
    0.5637972099353522,
    0.7060224566178972,
    0.776454576386526,
    0.8149030282408982,
    0.8006124532153793,
    0.7917659067710106,
    0.8400816604287172,
    0.834977883633889,
    0.8533514800952705,
    0.8533514800952705,
    0.8496087104457298,
    0.843484178291936,
    0.8339571282749234,
    0.8700238176250426,
    0.8421231711466485,
    0.843484178291936,
    0.8785301122830895,
    0.8567539979584893,
    0.8662810479755019
  ],
  "near_auroc": [
    0.5011801081084963,
    0.8138569111063031,
    0.8813585113670132,
    0.904240892878144,
    0.9288256555233458,
    0.9398001222751803,
    0.9508531431993185,
    0.9505420686769952,
    0.9513861893685233,
    0.9552818029933179,
    0.9607413179684364,
    0.8216127889783558,
    0.8769692408794116,
    0.908419525963725,
    0.8982494539362822,
    0.876046004914349,
    0.8768865345580004,
    0.8526366371273053,
    0.831484355151044,
    0.8438499040741336,
    0.8606378284574383,
    0.8603670410034824,
    0.8459765899588914,
    0.8231190091221594,
    0.8548124754798764,
    0.8160224251962285,
    0.8091889977475152,
    0.854682187774098,
    0.8040311307940434,
    0.8255376920873954
  ],
  "far_auroc": [
    0.7825239782012702,
    0.881433720056829,
    0.9221968270377163,
    0.9221566804835144,
    0.9422023174960521,
    0.9427298765821603,
    0.9461676562857207,
    0.9601959950980249,
    0.9524916425942174,
    0.953975436861737,
    0.9569323469527746,
    0.7167919420961024,
    0.815595049349495,
    0.8554496794658756,
    0.8141497933766038,
    0.7270323701097148,
    0.7280964286068903,
    0.7204653667893678,
    0.6927672811037351,
    0.6969706323211149,
    0.713630942866249,
    0.7272280982965853,
    0.6815470933665007,
    0.6466752110201383,
    0.6949874884397602,
    0.7028337473752655,
    0.6727755857166493,
    0.7393824251271758,
    0.6373478249308164,
    0.6770568825828065
  ],
  "best_acc": 0.946920721333787
}